{
  "marketing_stripe": {
    "text": "",
    "link": ""
  },
  "contacts_stripe": {
    "pages": [
      {
        "title": "suporte@aolar.com.br",
        "link": ""
      }
    ],
    "phone_wpp": true,
    "socials": true
  },
  "categories_list": {
    "featured": [
      "/adaptadores/?Adaptadores",
      "/catalogo/?Catálogo",
      "/filtros-e-refis/?Filtros e Refis",
      "/torneiras/?TORNEIRAS",
      "/variadas/?Variadas",
      "/libell/?LIBELL",
      "/colormaq/?COLORMAQ",
      "/latina/?LATINA",
      "/ibbl/?IBBL"
    ],
    "random": 0,
    "full_width": true
  },
  "desktop_megamenu": true,
  "search_input": true
}